Session:,"2023 FIRST SEMESTER"
Course:,CO215-DAA
Faculty:,Mrs.Vijetha
total,1
start,2024-04-06
end,2024-04-06
slno,rollno,name,attended,percent
1,22J41A6901,Yagnesh,0,0
2,22J41A6902,Sindhu,0,0
3,22J41A6903,Manasa,0,0
5,22J41A6905,Eshwar,0,0
6,22J41A6906,Atishree,1,100
7,22J41A6907,Charshitha,0,0
8,22J41A6908,Mahendranath,0,0
9,22J41A6909,Nithin,0,0
10,22J41A6910,Mokshagna,1,100
11,22J41A6911,Ruthika,1,100
12,22J41A6912,Akshitha,1,100
19,22J41A6919,Pavan,1,100
20,22J41A6920,prashanth,1,100
21,22J41A6921,Bharath,1,100
22,22J41A6922,Varshith,1,100
23,22J41A6923,"Rajeshwer reddy ",1,100
